Load UID,Bus ID,Load Type,Peak MW,VOLL,Tau Hr,T Set degC,T Eq degC,Gbar degC/Hr,Rho $/MWh/degC
101_cooling,101,cooling,59.400000000000006,10000.0,15.0,21.0,12.0,2.5291,5000.0
101_other,101,other,81.58796919185967,10000.0,,,,,
102_cooling,102,cooling,53.35,10000.0,15.0,21.0,12.0,2.5068,5000.0
102_other,102,other,72.3522796744393,10000.0,,,,,
103_cooling,103,cooling,99.00000000000001,10000.0,15.0,21.0,12.0,2.7887,5000.0
103_other,103,other,124.78080659941578,10000.0,,,,,
104_cooling,104,cooling,40.7,10000.0,15.0,21.0,12.0,2.6329,5000.0
104_other,104,other,53.72594639145863,10000.0,,,,,
105_cooling,105,cooling,39.050000000000004,10000.0,15.0,21.0,12.0,2.5736,5000.0
105_other,105,other,52.410362719694,10000.0,,,,,
106_cooling,106,cooling,74.80000000000001,10000.0,15.0,21.0,12.0,2.6848,5000.0
106_other,106,other,97.6285036347056,10000.0,,,,,
107_cooling,107,cooling,68.75,10000.0,15.0,21.0,12.0,2.2918,5000.0
107_other,107,other,93.49123372892281,10000.0,,,,,
108_cooling,108,cooling,94.05000000000001,10000.0,15.0,21.0,12.0,2.403,5000.0
108_other,108,other,125.14991489276547,10000.0,,,,,
109_cooling,109,cooling,96.25000000000001,10000.0,15.0,21.0,12.0,2.6997,5000.0
109_other,109,other,124.19572010327525,10000.0,,,,,
110_cooling,110,cooling,107.25000000000001,10000.0,15.0,21.0,12.0,2.6997,5000.0
110_other,110,other,138.3895166865067,10000.0,,,,,
113_cooling,113,cooling,145.75,10000.0,15.0,21.0,12.0,2.7219,5000.0
113_other,113,other,188.7406830872333,10000.0,,,,,
114_cooling,114,cooling,106.7,10000.0,15.0,21.0,12.0,2.7219,5000.0
114_other,114,other,142.48941806134923,10000.0,,,,,
115_cooling,115,cooling,174.35000000000002,10000.0,15.0,21.0,12.0,2.403,5000.0
115_other,115,other,255.35286368611827,10000.0,,,,,
116_cooling,116,cooling,55.00000000000001,10000.0,15.0,21.0,12.0,2.4846,5000.0
116_other,116,other,78.98232278346497,10000.0,,,,,
118_cooling,118,cooling,183.15,10000.0,15.0,21.0,12.0,2.6181,5000.0
118_other,118,other,249.89657250927914,10000.0,,,,,
119_cooling,119,cooling,99.55000000000001,10000.0,15.0,21.0,12.0,2.6923,5000.0
119_other,119,other,137.82577633469566,10000.0,,,,,
120_cooling,120,cooling,70.4,10000.0,15.0,21.0,12.0,2.67,5000.0
120_other,120,other,97.00005261604242,10000.0,,,,,
201_cooling,201,cooling,59.400000000000006,10000.0,15.0,21.0,12.0,2.1063,5000.0
201_other,201,other,85.15455719379419,10000.0,,,,,
202_cooling,202,cooling,53.35,10000.0,15.0,21.0,12.0,2.2028,5000.0
202_other,202,other,72.56485645095253,10000.0,,,,,
203_cooling,203,cooling,99.00000000000001,10000.0,15.0,21.0,12.0,2.314,5000.0
203_other,203,other,132.71672417194227,10000.0,,,,,
204_cooling,204,cooling,40.7,10000.0,15.0,21.0,12.0,2.2695,5000.0
204_other,204,other,54.128829625644805,10000.0,,,,,
205_cooling,205,cooling,39.050000000000004,10000.0,15.0,21.0,12.0,2.6181,5000.0
205_other,205,other,48.88380120928968,10000.0,,,,,
206_cooling,206,cooling,74.80000000000001,10000.0,15.0,21.0,12.0,2.0618,5000.0
206_other,206,other,107.88364770214447,10000.0,,,,,
207_cooling,207,cooling,68.75,10000.0,15.0,21.0,12.0,1.958,5000.0
207_other,207,other,106.26958310280023,10000.0,,,,,
208_cooling,208,cooling,94.05000000000001,10000.0,15.0,21.0,12.0,2.4327,5000.0
208_other,208,other,122.85756362868683,10000.0,,,,,
209_cooling,209,cooling,96.25000000000001,10000.0,15.0,21.0,12.0,2.4178,5000.0
209_other,209,other,124.67304940011857,10000.0,,,,,
210_cooling,210,cooling,107.25000000000001,10000.0,15.0,21.0,12.0,2.3882,5000.0
210_other,210,other,141.46003307764713,10000.0,,,,,
213_cooling,213,cooling,145.75,10000.0,15.0,21.0,12.0,2.6329,5000.0
213_other,213,other,176.301991804768,10000.0,,,,,
214_cooling,214,cooling,106.7,10000.0,15.0,21.0,12.0,2.2473,5000.0
214_other,214,other,144.16091646968377,10000.0,,,,,
215_cooling,215,cooling,174.35000000000002,10000.0,15.0,21.0,12.0,2.7145,5000.0
215_other,215,other,219.82948020274955,10000.0,,,,,
216_cooling,216,cooling,55.00000000000001,10000.0,15.0,21.0,12.0,2.2547,5000.0
216_other,216,other,74.55028702513594,10000.0,,,,,
218_cooling,218,cooling,183.15,10000.0,15.0,21.0,12.0,2.2769,5000.0
218_other,218,other,249.39893687167879,10000.0,,,,,
219_cooling,219,cooling,99.55000000000001,10000.0,15.0,21.0,12.0,2.3511,5000.0
219_other,219,other,133.46542789710693,10000.0,,,,,
220_cooling,220,cooling,70.4,10000.0,15.0,21.0,12.0,2.2621,5000.0
220_other,220,other,103.48688503032102,10000.0,,,,,
301_cooling,301,cooling,59.400000000000006,10000.0,15.0,21.0,12.0,2.6107,5000.0
301_other,301,other,78.40119028387505,10000.0,,,,,
302_cooling,302,cooling,53.35,10000.0,15.0,21.0,12.0,2.5958,5000.0
302_other,302,other,70.34925902779682,10000.0,,,,,
303_cooling,303,cooling,99.00000000000001,10000.0,15.0,21.0,12.0,2.3733,5000.0
303_other,303,other,143.1273256364874,10000.0,,,,,
304_cooling,304,cooling,40.7,10000.0,15.0,21.0,12.0,2.047,5000.0
304_other,304,other,60.78282939557749,10000.0,,,,,
305_cooling,305,cooling,39.050000000000004,10000.0,15.0,21.0,12.0,2.1731,5000.0
305_other,305,other,57.42410111199704,10000.0,,,,,
306_cooling,306,cooling,74.80000000000001,10000.0,15.0,21.0,12.0,2.3288,5000.0
306_other,306,other,107.5678001202544,10000.0,,,,,
307_cooling,307,cooling,68.75,10000.0,15.0,21.0,12.0,1.6168,5000.0
307_other,307,other,98.53203454887867,10000.0,,,,,
308_cooling,308,cooling,94.05000000000001,10000.0,15.0,21.0,12.0,1.958,5000.0
308_other,308,other,129.00098996752152,10000.0,,,,,
309_cooling,309,cooling,96.25000000000001,10000.0,15.0,21.0,12.0,2.3882,5000.0
309_other,309,other,140.14587386397292,10000.0,,,,,
310_cooling,310,cooling,107.25000000000001,10000.0,15.0,21.0,12.0,2.4104,5000.0
310_other,310,other,157.69697809310014,10000.0,,,,,
313_cooling,313,cooling,145.75,10000.0,15.0,21.0,12.0,1.9283,5000.0
313_other,313,other,223.30815109393328,10000.0,,,,,
314_cooling,314,cooling,106.7,10000.0,15.0,21.0,12.0,2.3363,5000.0
314_other,314,other,148.32338720522782,10000.0,,,,,
315_cooling,315,cooling,174.35000000000002,10000.0,15.0,21.0,12.0,2.3437,5000.0
315_other,315,other,251.5742849097627,10000.0,,,,,
316_cooling,316,cooling,55.00000000000001,10000.0,15.0,21.0,12.0,2.3956,5000.0
316_other,316,other,76.87733138701041,10000.0,,,,,
318_cooling,318,cooling,183.15,10000.0,15.0,21.0,12.0,2.4549,5000.0
318_other,318,other,262.1673305064923,10000.0,,,,,
319_cooling,319,cooling,99.55000000000001,10000.0,15.0,21.0,12.0,2.4698,5000.0
319_other,319,other,142.4214315427858,10000.0,,,,,
320_cooling,320,cooling,70.4,10000.0,15.0,21.0,12.0,2.3808,5000.0
320_other,320,other,97.92602440796638,10000.0,,,,,
